Workbook

Sheet Planilha1
A1: CÓDIGO TRUCKPARTS | B1: DESCRIÇÃO | C1: QTD | D1: MATÉRIA PRIMA | E1: PESO LÍQUIDO UNITÁRIO | F1: PESO BRUTO | G1: % DE PERCA
A2: SU 02046 | B2: DESLIZANTE TRASEIRO TRUCK MB
A3: TP 02046A | B3: LATERAL 3/16" DO DESLIZANTE TRASEIRO TRUCK MB | C3: 2 | D3: CHAPA DE AÇO 3/16" | E3: 0.31 | F3: 0.58 | G3: =(F3/E3)-1 -> 0.87096774
A4: TP 02046B | B4: BASE 195 X 83 X 3/8" DESLIZANTE TRASEIRO TRUCK MB | C4: 1 | D4: CHAPA DE AÇO 3/8" | E4: 1.2 | F4: 1.38 | G4: =(F4/E4)-1 -> 0.15
A6: Código: | B6: =A3 -> TP 02046A
A7: Descrição: | B7: =B3 -> LATERAL 3/16" DO DESLIZANTE TRASEIRO TRUCK MB
A8: Lote Economico: | B8: 200
A9: Quantidade: | B9: =C3 -> 2
A10: Processo | B10: Tempo de Setup | C10: Custo de Setup | D10: Tempo de Processo | E10: Custo de Processo
A11: Cortar no Laser | B11: 300 | C11: =(B11*'hora maquina'!C2)/B8 -> 0.049395833 | D11: 22 | E11: =D11*'hora maquina'!C2 -> 0.72447222
A12: CUSTO TOTAL | E12: =(C11+E11)*B9 -> 1.5477361
A14: Código: | B14: =A4 -> TP 02046B
A15: Descrição: | B15: =B4 -> BASE 195 X 83 X 3/8" DESLIZANTE TRASEIRO TRUCK MB
A16: Lote Economico: | B16: 100
A17: Quantidade: | B17: =C4 -> 1
A18: Processo | B18: Tempo de Setup | C18: Custo de Setup | D18: Tempo de Processo | E18: Custo de Processo
A19: Cortar na Guilhotina | B19: 300 | C19: =(B19*'hora maquina'!C4)/B16 -> 0.046025 | D19: 15 | E19: =D19*'hora maquina'!C4 -> 0.230125
A20: Repicar na Guilhotina | B20: 300 | C20: =(B20*'hora maquina'!C4)/B16 -> 0.046025 | D20: 15 | E20: =D20*'hora maquina'!C4 -> 0.230125
A21: Dobrar na Dobradeira | B21: 300 | C21: =(B21*'hora maquina'!C3)/B16 -> 0.092208333 | D21: 150 | E21: =D21*'hora maquina'!C3 -> 4.6104167
A22: CUSTO TOTAL | E22: =(SUM(C19:C21)+SUM(E19:E21))*B17 -> 5.254925
A25: Código: | B25: =A2 -> SU 02046
A26: Descrição: | B26: =B2 -> DESLIZANTE TRASEIRO TRUCK MB
A27: Lote Economico: | B27: 100
A28: Quantidade: | B28: 1
A29: Processo | B29: Tempo de Setup | C29: Custo de Setup | D29: Tempo de Processo | E29: Custo de Processo
A30: Montagem | B30: 300 | C30: =(B30*'hora maquina'!C5)/B27 -> 0.030908333 | D30: 60 | E30: =D30*'hora maquina'!C5 -> 0.61816667
A31: Soldar na Mig | B31: 300 | C31: =(B31*'hora maquina'!C5)/B27 -> 0.030908333 | D31: 180 | E31: =D31*'hora maquina'!C5 -> 1.8545
A32: Limpeza | B32: 300 | C32: =(B32*'hora maquina'!C8)/B27 -> 0.021491667 | D32: 90 | E32: =D32*'hora maquina'!C8 -> 0.64475
A33: Pintura | B33: 300 | C33: =(B33*'hora maquina'!C9)/B27 -> 0.052927918 | D33: 90 | E33: =D33*'hora maquina'!C9 -> 1.5878375
A34: CUSTO TOTAL | E34: =(C30+E30+C31+E31+C32+E32+C33+E33)*B28 -> 4.8414905

Sheet hora maquina
A1: MÁQUINA | B1: CUSTO HORA MÁQUINA | C1: SEGUNDOS | G1: CHAPA 1200 X 3000 | H1: PESO UNITÁRIO
A2: Laser Calfran | B2: 118.55 | C2: 0.032930556 | G2: 3mm | H2: 84.78
A3: Dobradeira ERMAK 3300 | B3: 110.65 | C3: 0.030736111 | G3: 3/16" | H3: 134.24
A4: Guilhotina | B4: 55.23 | C4: 0.015341667 | G4: 1/4" | H4: 179.45
A5: Maquina de Solda | B5: 37.09 | C5: 0.010302778 | G5: 5/16" | H5: 226.08
A6: Prensa | B6: 41.66 | C6: 0.011572222 | G6: 3/8" | H6: 268.47
A7: Policorte | B7: 35.71 | C7: 0.0099194444 | G7: 1/2" | H7: 358.9
A8: Limpeza | B8: 25.79 | C8: 0.0071638889 | G8: 5/8" | H8: 448.77
A9: Pintura | B9: 63.513502 | C9: 0.017642639
A10: Furadeira | B10: 26.08 | C10: 0.0072444444
A11: Embalagem OPERADOR MÉDIO | B11: 25 | C11: 0.0069444444
A12: Serra Fita | B12: 39.93 | C12: 0.011091667
A14: VALOR DO AÇO (CHAPAS JANDAIA) | B14: 4.7
C17: 50mm | D17: 110mm
A18: Tubo Bucha Interna Pino 50mm | B18: 350.14 | C18: 3.2122936 | D18: -
A19: Tubo Bucha Interna Pino 60,4mm / 61,5mm | B19: 1130 | C19: 10
A20: Tubo Bucha Externa | B20: 813.35 | C20: - | D20: 15.346226
A22: Tabela de Cementação
A23: Até 50kg | B23: 300
A24: Acima de 50kg | B24: 5.8
